{"Zipcode":{"0":37148,"1":37174,"2":37128,"3":37015,"4":37086,"5":37143,"6":37221,"7":37210,"8":37115,"9":37145},"Home_Value":{"0":157400.0,"1":282200.0,"2":244700.0,"3":161700.0,"4":190000.0,"5":228100.0,"6":344000.0,"7":226500.0,"8":189800.0,"9":112100.0},"Future_Home_Value":{"0":230300.0,"1":403700.0,"2":357400.0,"3":224600.0,"4":295500.0,"5":312000.0,"6":463200.0,"7":424200.0,"8":294200.0,"9":170300.0},"Percent_Increase":{"0":46.3151207116,"1":43.0545712261,"2":46.0563955864,"3":38.8991960421,"4":55.5263157895,"5":36.7821131083,"6":34.6511627907,"7":87.2847682119,"8":55.0052687039,"9":51.9179304193},"RMSE":{"0":549.95,"1":1237.93,"2":1106.54,"3":1053.73,"4":1521.7,"5":1963.47,"6":3170.15,"7":1902.5,"8":1971.74,"9":1061.34},"MAPE":{"0":0.29,"1":0.39,"2":0.4,"3":0.6,"4":0.62,"5":0.7,"6":0.76,"7":0.85,"8":0.87,"9":0.9}}